1	1	0	0
2	2.00448	-0.00448	-0.00224
3	3.00124	-0.00124	-0.0004133333
4	4.00716	-0.00716	-0.00179
5	5.01744	-0.01744	-0.003488
6	6.00704	-0.00704	-0.0011733333
7	7.01936	-0.01936	-0.0027657143
8	8.00912	-0.00912	-0.00114
9	9.02208	-0.02208	-0.0024533333
10	10.0457	-0.0457	-0.00457
11	11.06628	-0.06628	-0.0060254545
12	12.0557	-0.0557	-0.0046416667
13	13.04088	-0.04088	-0.0031446154
14	14.04392	-0.04392	-0.0031371429
15	15.06944	-0.06944	-0.0046293333
16	16.05236	-0.05236	-0.0032725
17	17.0646	-0.0646	-0.0038
18	18.06288	-0.06288	-0.0034933333
19	19.06988	-0.06988	-0.0036778947
20	20.0697	-0.0697	-0.003485
21	21.06788	-0.06788	-0.003232381
22	22.10414	-0.10414	-0.0047336364
23	23.10928	-0.10928	-0.0047513043
24	24.09304	-0.09304	-0.0038766667
25	25.0672	-0.0672	-0.002688
26	26.07782	-0.07782	-0.0029930769
27	27.06832	-0.06832	-0.0025303704
28	28.07724	-0.07724	-0.0027585714
29	29.07236	-0.07236	-0.0024951724
30	30.09372	-0.09372	-0.003124
31	31.04468	-0.04468	-0.0014412903
32	32.03266	-0.03266	-0.001020625
33	33.02148	-0.02148	-0.0006509091
34	34.0179	-0.0179	-0.0005264706
35	34.9922	0.0078	0.0002228571
36	35.94364	0.05636	0.0015655556
37	36.91376	0.08624	0.0023308108
38	37.92178	0.07822	0.0020584211
39	38.93344	0.06656	0.0017066667
40	39.8969	0.1031	0.0025775
41	40.87408	0.12592	0.0030712195
42	41.82416	0.17584	0.0041866667
43	42.8272	0.1728	0.0040186047
44	43.81676	0.18324	0.0041645455
45	44.77392	0.22608	0.005024
46	45.78654	0.21346	0.0046404348
47	46.87368	0.12632	0.0026876596
48	47.84436	0.15564	0.0032425
49	48.86508	0.13492	0.0027534694
50	49.82892	0.17108	0.0034216
51	50.8812	0.1188	0.0023294118
52	51.81686	0.18314	0.0035219231
53	52.85036	0.14964	0.0028233962
54	53.82664	0.17336	0.0032103704
55	54.83956	0.16044	0.0029170909
56	55.8942	0.1058	0.0018892857
57	56.91648	0.08352	0.0014652632
58	57.91446	0.08554	0.0014748276
59	58.88184	0.11816	0.0020027119
60	59.82852	0.17148	0.002858
61	60.71928	0.28072	0.0046019672
62	61.7418	0.2582	0.0041645161
63	62.67268	0.32732	0.0051955556
64	63.66884	0.33116	0.005174375
65	64.68412	0.31588	0.0048596923
66	65.68512	0.31488	0.0047709091
67	66.73924	0.26076	0.0038919403
68	67.83654	0.16346	0.0024038235
69	68.842	0.158	0.0022898551
70	69.82884	0.17116	0.0024451429
71	70.81264	0.18736	0.0026388732
72	71.84218	0.15782	0.0021919444
73	72.8022	0.1978	0.002709589
74	73.78072	0.21928	0.0029632432
75	74.8108	0.1892	0.0025226667
76	75.7441	0.2559	0.0033671053
77	76.78608	0.21392	0.0027781818
78	77.86558	0.13442	0.0017233333
79	78.8824	0.1176	0.0014886076
80	79.92168	0.07832	0.000979
81	80.92112	0.07888	0.0009738272
82	81.88792	0.11208	0.0013668293
83	82.9488	0.0512	0.0006168675
84	83.98476	0.01524	0.0001814286
85	84.95328	0.04672	0.0005496471
86	85.92986	0.07014	0.0008155814
87	86.86108	0.13892	0.0015967816
88	87.88968	0.11032	0.0012536364
89	88.91288	0.08712	0.0009788764
90	89.83856	0.16144	0.0017937778
91	90.91788	0.08212	0.0009024176
92	91.92704	0.07296	0.0007930435
93	92.86732	0.13268	0.0014266667
94	93.83796	0.16204	0.0017238298
95	94.92944	0.07056	0.0007427368
96	95.96714	0.03286	0.0003422917
97	96.95956	0.04044	0.0004169072
98	97.95642	0.04358	0.0004446939
99	98.98788	0.01212	0.0001224242
100	100.02168	-0.02168	-0.0002168
101	101.07344	-0.07344	-0.0007271287
102	102.06178	-0.06178	-0.0006056863
103	103.035	-0.035	-0.0003398058
104	103.97308	0.02692	0.0002588462
105	104.90728	0.09272	0.0008830476
106	105.97696	0.02304	0.0002173585
107	106.95424	0.04576	0.0004276636
108	107.93796	0.06204	0.0005744444
109	108.93008	0.06992	0.0006414679
110	109.9488	0.0512	0.0004654545
111	111.00644	-0.00644	-0.000058018
112	112.04552	-0.04552	-0.0004064286
113	112.9978	0.0022	0.000019469
114	114.00044	-0.00044	-3.85964912278556E-006
115	115.09944	-0.09944	-0.0008646957
116	116.08866	-0.08866	-0.0007643103
117	117.12312	-0.12312	-0.0010523077
118	118.1508	-0.1508	-0.0012779661
119	119.13264	-0.13264	-0.0011146218
120	120.13538	-0.13538	-0.0011281667
121	121.20128	-0.20128	-0.0016634711
122	122.14952	-0.14952	-0.0012255738
123	123.14984	-0.14984	-0.0012182114
124	124.1663	-0.1663	-0.001341129
125	125.18788	-0.18788	-0.00150304
126	126.13484	-0.13484	-0.0010701587
127	127.12348	-0.12348	-0.0009722835
128	128.13134	-0.13134	-0.0010260937
129	129.19024	-0.19024	-0.0014747287
130	130.23724	-0.23724	-0.0018249231
131	131.1734	-0.1734	-0.0013236641
132	132.25092	-0.25092	-0.0019009091
133	133.19672	-0.19672	-0.0014790977
134	134.3113	-0.3113	-0.0023231343
135	135.29564	-0.29564	-0.0021899259
136	136.2655	-0.2655	-0.0019522059
137	137.34196	-0.34196	-0.0024960584
138	138.40402	-0.40402	-0.0029276812
139	139.42156	-0.42156	-0.0030328058
140	140.41748	-0.41748	-0.002982
141	141.44252	-0.44252	-0.0031384397
142	142.49126	-0.49126	-0.0034595775
143	143.4888	-0.4888	-0.0034181818
144	144.4758	-0.4758	-0.0033041667
145	145.52224	-0.52224	-0.0036016552
146	146.47862	-0.47862	-0.0032782192
147	147.477	-0.477	-0.003244898
148	148.41092	-0.41092	-0.0027764865
149	149.447	-0.447	-0.003
150	150.48132	-0.48132	-0.0032088
151	151.44612	-0.44612	-0.0029544371
152	152.5226	-0.5226	-0.0034381579
153	153.5224	-0.5224	-0.0034143791
154	154.54958	-0.54958	-0.0035687013
155	155.61344	-0.61344	-0.0039576774
156	156.63278	-0.63278	-0.0040562821
157	157.625	-0.625	-0.0039808917
158	158.62924	-0.62924	-0.0039825316
159	159.53056	-0.53056	-0.0033368553
160	160.59774	-0.59774	-0.003735875
161	161.526	-0.526	-0.0032670807
162	162.49244	-0.49244	-0.0030397531
163	163.51152	-0.51152	-0.0031381595
164	164.54202	-0.54202	-0.003305
165	165.55036	-0.55036	-0.0033355152
166	166.60302	-0.60302	-0.0036326506
167	167.51648	-0.51648	-0.0030926946
168	168.55208	-0.55208	-0.0032861905
169	169.54488	-0.54488	-0.003224142
170	170.58464	-0.58464	-0.0034390588
171	171.59572	-0.59572	-0.0034837427
172	172.6319	-0.6319	-0.0036738372
173	173.74224	-0.74224	-0.0042904046
174	174.78634	-0.78634	-0.0045191954
175	175.83812	-0.83812	-0.0047892571
176	176.83192	-0.83192	-0.0047268182
177	177.88352	-0.88352	-0.0049916384
178	178.91838	-0.91838	-0.0051594382
179	179.98692	-0.98692	-0.0055135196
180	180.99776	-0.99776	-0.0055431111
181	182.0792	-1.0792	-0.0059624309
182	183.11336	-1.11336	-0.0061173626
183	184.01688	-1.01688	-0.0055567213
184	185.08762	-1.08762	-0.0059109783
185	186.11988	-1.11988	-0.0060534054
186	187.10448	-1.10448	-0.0059380645
187	188.1896	-1.1896	-0.0063614973
188	189.1774	-1.1774	-0.006262766
189	190.28212	-1.28212	-0.0067837037
190	191.34898	-1.34898	-0.0070998947
191	192.23716	-1.23716	-0.0064772775
192	193.27412	-1.27412	-0.0066360417
193	194.30468	-1.30468	-0.00676
194	195.33104	-1.33104	-0.0068610309
195	196.36628	-1.36628	-0.0070065641
196	197.33548	-1.33548	-0.0068136735
197	198.28784	-1.28784	-0.0065372589
198	199.19792	-1.19792	-0.006050101
199	200.26352	-1.26352	-0.0063493467
200	201.37864	-1.37864	-0.0068932
201	202.3726	-1.3726	-0.0068288557
202	203.41572	-1.41572	-0.0070085149
203	204.3244	-1.3244	-0.0065241379
204	205.32728	-1.32728	-0.0065062745
205	206.35088	-1.35088	-0.0065896585
206	207.28632	-1.28632	-0.0062442718
207	208.30432	-1.30432	-0.0063010628
208	209.35832	-1.35832	-0.0065303846
209	210.3226	-1.3226	-0.0063282297
210	211.40298	-1.40298	-0.0066808571
211	212.37036	-1.37036	-0.0064945972
212	213.39434	-1.39434	-0.0065770755
213	214.43712	-1.43712	-0.0067470423
214	215.47564	-1.47564	-0.006895514
215	216.52776	-1.52776	-0.0071058605
216	217.46616	-1.46616	-0.0067877778
217	218.48256	-1.48256	-0.0068320737
218	219.2984	-1.2984	-0.0059559633
219	220.30452	-1.30452	-0.0059567123
220	221.34174	-1.34174	-0.0060988182
221	222.35016	-1.35016	-0.0061093213
222	223.5219	-1.5219	-0.0068554054
223	224.365	-1.365	-0.0061210762
224	225.37226	-1.37226	-0.0061261607
225	226.33344	-1.33344	-0.0059264
226	227.30338	-1.30338	-0.0057671681
227	228.37488	-1.37488	-0.0060567401
228	229.4283	-1.4283	-0.0062644737
229	230.3764	-1.3764	-0.0060104803
230	231.2718	-1.2718	-0.0055295652
231	232.39972	-1.39972	-0.0060593939
232	233.43822	-1.43822	-0.0061992241
233	234.5006	-1.5006	-0.0064403433
234	235.69402	-1.69402	-0.0072394017
235	236.7828	-1.7828	-0.007586383
236	237.77992	-1.77992	-0.0075420339
237	238.7524	-1.7524	-0.0073940928
238	239.70488	-1.70488	-0.0071633613
239	240.69884	-1.69884	-0.0071081172
240	241.69998	-1.69998	-0.00708325
241	242.60348	-1.60348	-0.006653444
242	243.58928	-1.58928	-0.0065672727
243	244.5658	-1.5658	-0.0064436214
244	245.57566	-1.57566	-0.006457623
245	246.60924	-1.60924	-0.0065683265
246	247.47554	-1.47554	-0.0059981301
247	248.52408	-1.52408	-0.0061703644
248	249.58918	-1.58918	-0.0064079839
249	250.51068	-1.51068	-0.006066988
250	251.51714	-1.51714	-0.00606856
251	252.40508	-1.40508	-0.0055979283
252	253.43198	-1.43198	-0.0056824603
253	254.46128	-1.46128	-0.0057758103
254	255.408	-1.408	-0.0055433071
255	256.42672	-1.42672	-0.0055949804
256	257.41632	-1.41632	-0.0055325
257	258.42104	-1.42104	-0.0055293385
258	259.38204	-1.38204	-0.0053567442
259	260.32576	-1.32576	-0.0051187645
260	261.41284	-1.41284	-0.005434
261	262.41404	-1.41404	-0.0054177778
262	263.40294	-1.40294	-0.0053547328
263	264.276	-1.276	-0.004851711
264	265.18206	-1.18206	-0.0044775
265	266.17552	-1.17552	-0.0044359245
266	267.17036	-1.17036	-0.0043998496
267	268.0054	-1.0054	-0.0037655431
268	268.98492	-0.98492	-0.0036750746
269	269.86144	-0.86144	-0.0032023792
270	270.85252	-0.85252	-0.0031574815
271	272.00572	-1.00572	-0.0037111439
272	272.93956	-0.93956	-0.0034542647
273	273.93024	-0.93024	-0.0034074725
274	274.85278	-0.85278	-0.0031123358
275	275.8024	-0.8024	-0.0029178182
276	276.7828	-0.7828	-0.0028362319
277	277.69892	-0.69892	-0.0025231769
278	278.7284	-0.7284	-0.0026201439
279	279.65048	-0.65048	-0.0023314695
280	280.65584	-0.65584	-0.0023422857
281	281.69272	-0.69272	-0.0024651957
282	282.72504	-0.72504	-0.0025710638
283	283.79648	-0.79648	-0.002814417
284	284.77214	-0.77214	-0.0027188028
285	285.67536	-0.67536	-0.0023696842
286	286.5404	-0.5404	-0.0018895105
287	287.58924	-0.58924	-0.002053101
288	288.64362	-0.64362	-0.0022347917
289	289.5548	-0.5548	-0.0019197232
290	290.50998	-0.50998	-0.0017585517
291	291.59948	-0.59948	-0.0020600687
292	292.47514	-0.47514	-0.0016271918
293	293.50916	-0.50916	-0.0017377474
294	294.48806	-0.48806	-0.001660068
295	295.51648	-0.51648	-0.0017507797
296	296.50368	-0.50368	-0.0017016216
297	297.4964	-0.4964	-0.0016713805
298	298.56414	-0.56414	-0.0018930872
299	299.645	-0.645	-0.0021571906
300	300.66566	-0.66566	-0.0022188667
301	301.78884	-0.78884	-0.0026207309
302	302.75	-0.75	-0.0024834437
303	303.64348	-0.64348	-0.0021236964
304	304.62546	-0.62546	-0.0020574342
305	305.62356	-0.62356	-0.002044459
306	306.54248	-0.54248	-0.0017728105
307	307.54304	-0.54304	-0.0017688599
308	308.49516	-0.49516	-0.0016076623
309	309.53816	-0.53816	-0.0017416181
310	310.6264	-0.6264	-0.0020206452
311	311.49796	-0.49796	-0.0016011576
312	312.51816	-0.51816	-0.0016607692
313	313.56696	-0.56696	-0.0018113738
314	314.5773	-0.5773	-0.001838535
315	315.53096	-0.53096	-0.0016855873
316	316.52542	-0.52542	-0.0016627215
317	317.48624	-0.48624	-0.0015338801
318	318.34798	-0.34798	-0.0010942767
319	319.2368	-0.2368	-0.0007423197
320	320.26822	-0.26822	-0.0008381875
321	321.26552	-0.26552	-0.0008271651
322	322.32612	-0.32612	-0.001012795
323	323.31124	-0.31124	-0.0009635913
324	324.14562	-0.14562	-0.0004494444
325	325.09452	-0.09452	-0.0002908308
326	326.17282	-0.17282	-0.0005301227
327	327.26816	-0.26816	-0.0008200612
328	328.31784	-0.31784	-0.0009690244
329	329.36756	-0.36756	-0.0011172036
330	330.47434	-0.47434	-0.0014373939
331	331.46016	-0.46016	-0.0013902115
332	332.5309	-0.5309	-0.0015990964
333	333.64252	-0.64252	-0.0019294895
334	334.60904	-0.60904	-0.0018234731
335	335.58808	-0.58808	-0.0017554627
336	336.53474	-0.53474	-0.0015914881
337	337.38416	-0.38416	-0.0011399407
338	338.34256	-0.34256	-0.0010134911
339	339.35536	-0.35536	-0.0010482596
340	340.4921	-0.4921	-0.0014473529
341	341.24916	-0.24916	-0.0007306745
342	342.21678	-0.21678	-0.0006338596
343	343.24968	-0.24968	-0.00072793
344	344.10512	-0.10512	-0.0003055814
345	345.25416	-0.25416	-0.0007366957
346	346.36936	-0.36936	-0.0010675145
347	347.48168	-0.48168	-0.0013881268
348	348.48462	-0.48462	-0.0013925862
349	349.47764	-0.47764	-0.001368596
350	350.4875	-0.4875	-0.0013928571
351	351.56952	-0.56952	-0.0016225641
352	352.59456	-0.59456	-0.0016890909
353	353.671	-0.671	-0.0019008499
354	354.6294	-0.6294	-0.0017779661
355	355.52132	-0.52132	-0.001468507
356	356.39434	-0.39434	-0.0011076966
357	357.23988	-0.23988	-0.0006719328
358	358.2319	-0.2319	-0.0006477654
359	359.31236	-0.31236	-0.0008700836
360	360.2957	-0.2957	-0.0008213889
361	361.17608	-0.17608	-0.0004877562
362	362.2805	-0.2805	-0.0007748619
363	363.38872	-0.38872	-0.001070854
364	364.32566	-0.32566	-0.0008946703
365	365.34136	-0.34136	-0.0009352329
366	366.26758	-0.26758	-0.0007310929
367	367.15708	-0.15708	-0.0004280109
368	368.16774	-0.16774	-0.0004558152
369	369.28192	-0.28192	-0.0007640108
370	370.3636	-0.3636	-0.0009827027
371	371.40696	-0.40696	-0.0010969272
372	372.48276	-0.48276	-0.0012977419
373	373.49528	-0.49528	-0.0013278284
374	374.47838	-0.47838	-0.0012790909
375	375.5014	-0.5014	-0.0013370667
376	376.62346	-0.62346	-0.0016581383
377	377.60824	-0.60824	-0.0016133687
378	378.61578	-0.61578	-0.0016290476
379	379.50532	-0.50532	-0.0013332982
380	380.45134	-0.45134	-0.0011877368
381	381.56292	-0.56292	-0.0014774803
382	382.43526	-0.43526	-0.0011394241
383	383.48152	-0.48152	-0.0012572324
384	384.49102	-0.49102	-0.0012786979
385	385.31176	-0.31176	-0.0008097662
386	386.19946	-0.19946	-0.0005167358
387	387.11804	-0.11804	-0.0003050129
388	388.15658	-0.15658	-0.0004035567
389	389.22312	-0.22312	-0.0005735733
390	390.24054	-0.24054	-0.0006167692
391	391.35772	-0.35772	-0.0009148849
392	392.2941	-0.2941	-0.0007502551
393	393.17068	-0.17068	-0.0004343003
394	394.2193	-0.2193	-0.000556599
395	395.16536	-0.16536	-0.0004186329
396	396.13458	-0.13458	-0.0003398485
397	397.13376	-0.13376	-0.000336927
398	398.06416	-0.06416	-0.000161206
399	399.09892	-0.09892	-0.0002479198
400	400.1214	-0.1214	-0.0003035
401	401.14296	-0.14296	-0.0003565087
402	402.2144	-0.2144	-0.0005333333
403	403.27784	-0.27784	-0.0006894293
404	404.25688	-0.25688	-0.0006358416
405	405.17016	-0.17016	-0.0004201481
406	406.06148	-0.06148	-0.0001514286
407	406.87972	0.12028	0.0002955283
408	407.9646	0.0354	8.67647058823075E-005
409	409.0078	-0.0078	-1.9070904645415E-005
410	410.03908	-0.03908	-9.53170731707626E-005
411	411.03044	-0.03044	-7.40632603406294E-005
412	412.08092	-0.08092	-0.0001964078
413	413.04916	-0.04916	-0.0001190315
414	414.07468	-0.07468	-0.0001803865
415	415.0396	-0.0396	-9.54216867470053E-005
416	415.93208	0.06792	0.0001632692
417	416.90184	0.09816	0.0002353957
418	417.8752	0.1248	0.0002985646
419	418.917	0.083	0.0001980907
420	419.9571	0.0429	0.0001021429
421	420.93768	0.06232	0.0001480285
422	421.9562	0.0438	0.0001037915
423	422.83024	0.16976	0.0004013239
424	423.78124	0.21876	0.0005159434
425	424.9212	0.0788	0.0001854118
426	425.97904	0.02096	4.92018779342777E-005
427	427.0608	-0.0608	-0.0001423888
428	428.12058	-0.12058	-0.000281729
429	429.22516	-0.22516	-0.0005248485
430	430.22512	-0.22512	-0.0005235349
431	431.28204	-0.28204	-0.0006543852
432	432.2796	-0.2796	-0.0006472222
433	433.2634	-0.2634	-0.0006083141
434	434.24916	-0.24916	-0.0005741014
435	435.18092	-0.18092	-0.000415908
436	436.1887	-0.1887	-0.0004327982
437	437.17716	-0.17716	-0.0004054005
438	438.19446	-0.19446	-0.0004439726
439	439.25364	-0.25364	-0.0005777677
440	440.34882	-0.34882	-0.0007927727
441	441.43548	-0.43548	-0.000987483
442	442.39964	-0.39964	-0.0009041629
443	443.56712	-0.56712	-0.0012801806
444	444.47362	-0.47362	-0.0010667117
445	445.39696	-0.39696	-0.0008920449
446	446.45744	-0.45744	-0.0010256502
447	447.60672	-0.60672	-0.0013573154
448	448.62648	-0.62648	-0.0013983929
449	449.58536	-0.58536	-0.0013036971
450	450.67664	-0.67664	-0.0015036444
451	451.66412	-0.66412	-0.0014725499
452	452.51868	-0.51868	-0.0011475221
453	453.39072	-0.39072	-0.0008625166
454	454.3484	-0.3484	-0.0007674009
455	455.39612	-0.39612	-0.0008705934
456	456.42122	-0.42122	-0.0009237281
457	457.46728	-0.46728	-0.0010224945
458	458.48374	-0.48374	-0.0010562009
459	459.51756	-0.51756	-0.0011275817
460	460.38166	-0.38166	-0.0008296957
461	461.30472	-0.30472	-0.0006609978
462	462.30804	-0.30804	-0.0006667532
463	463.1904	-0.1904	-0.0004112311
464	464.21278	-0.21278	-0.0004585776
465	465.15996	-0.15996	-0.000344
466	465.98914	0.01086	2.33047210299993E-005
467	467.02692	-0.02692	-5.76445396146001E-005
468	468.02216	-0.02216	-4.73504273503959E-005
469	469.04684	-0.04684	-9.98720682302232E-005
470	469.94256	0.05744	0.0001222128
471	471.07312	-0.07312	-0.0001552442
472	472.08258	-0.08258	-0.0001749576
473	473.00176	-0.00176	-3.72093023253745E-006
474	474.0353	-0.0353	-7.44725738396763E-005
475	475.16984	-0.16984	-0.0003575579
476	476.11056	-0.11056	-0.0002322689
477	476.9626	0.0374	7.8406708595369E-005
478	477.97934	0.02066	4.32217573222192E-005
479	478.99384	0.00616	1.28601252610075E-005
480	480.03414	-0.03414	-0.000071125
481	481.02256	-0.02256	-4.6902286902284E-005
482	482.13854	-0.13854	-0.0002874274
483	483.24392	-0.24392	-0.0005050104
484	484.18428	-0.18428	-0.0003807438
485	485.26864	-0.26864	-0.0005538969
486	486.36188	-0.36188	-0.0007446091
487	487.26228	-0.26228	-0.0005385626
488	488.19544	-0.19544	-0.0004004918
489	489.12248	-0.12248	-0.0002504703
490	490.15058	-0.15058	-0.0003073061
491	491.11564	-0.11564	-0.0002355193
492	492.08902	-0.08902	-0.000180935
493	493.22808	-0.22808	-0.0004626369
494	494.23256	-0.23256	-0.0004707692
495	495.19996	-0.19996	-0.0004039596
496	496.32666	-0.32666	-0.0006585887
497	497.46836	-0.46836	-0.0009423742
498	498.49706	-0.49706	-0.0009981124
499	499.51608	-0.51608	-0.0010342285
500	500.57196	-0.57196	-0.00114392
501	501.52612	-0.52612	-0.0010501397
502	502.64244	-0.64244	-0.001279761
503	503.53136	-0.53136	-0.0010563817
504	504.47024	-0.47024	-0.0009330159
505	505.55284	-0.55284	-0.0010947327
506	506.3273	-0.3273	-0.0006468379
507	507.2358	-0.2358	-0.0004650888
508	508.21094	-0.21094	-0.0004152362
509	509.2474	-0.2474	-0.0004860511
510	510.21448	-0.21448	-0.000420549
511	511.25328	-0.25328	-0.0004956556
512	512.28148	-0.28148	-0.0005497656
513	513.23392	-0.23392	-0.0004559844
514	514.24846	-0.24846	-0.0004833852
515	515.38284	-0.38284	-0.0007433786
516	516.33966	-0.33966	-0.0006582558
517	517.40608	-0.40608	-0.0007854545
518	518.32764	-0.32764	-0.0006325097
519	519.42248	-0.42248	-0.000814027
520	520.30758	-0.30758	-0.0005915
521	521.28168	-0.28168	-0.0005406526
522	522.19682	-0.19682	-0.0003770498
523	523.01472	-0.01472	-2.81453154875931E-005
524	524.16452	-0.16452	-0.0003139695
525	525.24448	-0.24448	-0.0004656762
526	526.26254	-0.26254	-0.0004991255
527	527.28784	-0.28784	-0.000546186
528	528.25584	-0.25584	-0.0004845455
529	529.187	-0.187	-0.0003534972
530	530.31152	-0.31152	-0.0005877736
531	531.30644	-0.30644	-0.0005770998
532	532.36388	-0.36388	-0.000683985
533	533.3402	-0.3402	-0.0006382739
534	534.24716	-0.24716	-0.0004628464
535	535.44168	-0.44168	-0.0008255701
536	536.20428	-0.20428	-0.0003811194
537	537.12768	-0.12768	-0.0002377654
538	538.0445	-0.0445	-8.2713754646786E-005
539	538.98616	0.01384	2.56771799628186E-005
540	539.87116	0.12884	0.0002385926
541	540.8272	0.1728	0.0003194085
542	541.91258	0.08742	0.0001612915
543	543.11872	-0.11872	-0.0002186372
544	543.9883	0.0117	2.15073529412112E-005
545	544.99996	0.00004	7.33944954361405E-008
546	545.9319	0.0681	0.0001247253
547	546.90748	0.09252	0.0001691408
548	547.82756	0.17244	0.0003146715
549	548.71188	0.28812	0.0005248087
550	549.87042	0.12958	0.0002356
551	550.79368	0.20632	0.0003744465
552	551.8345	0.1655	0.0002998188
553	552.71624	0.28376	0.0005131284
554	553.59236	0.40764	0.0007358123
555	554.6138	0.3862	0.0006958559
556	555.63136	0.36864	0.0006630216
557	556.6576	0.3424	0.0006147217
558	557.66874	0.33126	0.0005936559
559	558.6976	0.3024	0.000540966
560	559.55232	0.44768	0.0007994286
561	560.58032	0.41968	0.0007480927
562	561.6801	0.3199	0.0005692171
563	562.66	0.34	0.0006039076
564	563.4708	0.5292	0.0009382979
565	564.42324	0.57676	0.0010208142
566	565.51714	0.48286	0.0008531095
567	566.53184	0.46816	0.000825679
568	567.43144	0.56856	0.0010009859
569	568.53788	0.46212	0.0008121617
570	569.46968	0.53032	0.000930386
571	570.3592	0.6408	0.0011222417
572	571.33238	0.66762	0.0011671678
573	572.38328	0.61672	0.0010763002
574	573.26218	0.73782	0.0012854007
575	574.25556	0.74444	0.0012946783
576	575.1591	0.8409	0.0014598958
577	576.20796	0.79204	0.0013726863
578	577.2657	0.7343	0.0012704152
579	578.29868	0.70132	0.0012112608
580	579.4706	0.5294	0.0009127586
581	580.56796	0.43204	0.0007436145
582	581.66456	0.33544	0.0005763574
583	582.7082	0.2918	0.0005005146
584	583.62572	0.37428	0.0006408904
585	584.4722	0.5278	0.0009022222
586	585.4154	0.5846	0.0009976109
587	586.19496	0.80504	0.001371448
588	587.21608	0.78392	0.0013331973
589	588.06184	0.93816	0.0015928014
590	588.97848	1.02152	0.0017313898
591	590.0218	0.9782	0.0016551607
592	591.08676	0.91324	0.0015426351
593	591.95104	1.04896	0.0017689039
594	592.92766	1.07234	0.0018052862
595	593.77444	1.22556	0.0020597647
596	594.81336	1.18664	0.0019910067
597	595.64336	1.35664	0.0022724288
598	596.7156	1.2844	0.0021478261
599	597.71236	1.28764	0.0021496494
600	598.75646	1.24354	0.0020725667
601	599.68384	1.31616	0.0021899501
602	600.67968	1.32032	0.0021932226
603	601.6254	1.3746	0.002279602
604	602.68042	1.31958	0.0021847351
605	603.72928	1.27072	0.0021003636
606	604.70426	1.29574	0.0021381848
607	605.67764	1.32236	0.0021785173
608	606.57074	1.42926	0.0023507566
609	607.50396	1.49604	0.0024565517
610	608.55906	1.44094	0.0023621967
611	609.31636	1.68364	0.0027555483
612	610.49812	1.50188	0.0024540523
613	611.44948	1.55052	0.0025293964
614	612.4841	1.5159	0.0024688925
615	613.52288	1.47712	0.0024018211
616	614.45128	1.54872	0.0025141558
617	615.61672	1.38328	0.0022419449
618	616.79622	1.20378	0.0019478641
619	617.82116	1.17884	0.0019044265
620	618.85422	1.14578	0.0018480323
621	619.77428	1.22572	0.0019737842
622	620.8734	1.1266	0.001811254
623	621.94468	1.05532	0.0016939326
624	622.76764	1.23236	0.0019749359
625	623.67176	1.32824	0.002125184
626	624.49116	1.50884	0.0024102875
627	625.6608	1.3392	0.0021358852
628	626.57042	1.42958	0.0022764013
629	627.56208	1.43792	0.0022860413
630	628.61648	1.38352	0.0021960635
631	629.51736	1.48264	0.0023496672
632	630.64312	1.35688	0.002146962
633	631.7334	1.2666	0.0020009479
634	632.6828	1.3172	0.0020776025
635	633.55196	1.44804	0.002280378
636	634.45362	1.54638	0.0024314151
637	635.44748	1.55252	0.002437237
638	636.56442	1.43558	0.0022501254
639	637.51812	1.48188	0.002319061
640	638.46958	1.53042	0.0023912813
641	639.42948	1.57052	0.0024501092
642	640.3998	1.6002	0.0024925234
643	641.32956	1.67044	0.0025978849
644	642.28754	1.71246	0.0026590994
645	643.17896	1.82104	0.0028233178
646	644.28532	1.71468	0.0026543034
647	645.32472	1.67528	0.0025893045
648	646.393	1.607	0.0024799383
649	647.49064	1.50936	0.0023256703
650	648.38886	1.61114	0.0024786769
651	649.33612	1.66388	0.0025558833
652	650.25964	1.74036	0.0026692638
653	651.17356	1.82644	0.0027969985
654	652.02476	1.97524	0.0030202446
655	653.02192	1.97808	0.0030199695
656	654.0047	1.9953	0.0030416159
657	655.18544	1.81456	0.0027618874
658	656.38508	1.61492	0.0024542857
659	657.53176	1.46824	0.0022279818
660	658.4594	1.5406	0.0023342424
661	659.60176	1.39824	0.0021153404
662	660.4954	1.5046	0.0022728097
663	661.43024	1.56976	0.0023676621
664	662.49396	1.50604	0.0022681325
665	663.60216	1.39784	0.002102015
666	664.53976	1.46024	0.0021925526
667	665.38224	1.61776	0.0024254273
668	666.50836	1.49164	0.002232994
669	667.63884	1.36116	0.0020346188
670	668.79974	1.20026	0.0017914328
671	669.83684	1.16316	0.0017334724
672	670.94898	1.05102	0.0015640179
673	672.04304	0.95696	0.0014219316
674	672.83104	1.16896	0.001734362
675	673.96588	1.03412	0.0015320296
676	675.0825	0.9175	0.0013572485
677	676.01948	0.98052	0.0014483309
678	677.15708	0.84292	0.0012432448
679	678.15604	0.84396	0.0012429455
680	679.40822	0.59178	0.0008702647
681	680.33428	0.66572	0.0009775624
682	681.63886	0.36114	0.0005295308
683	682.68852	0.31148	0.0004560469
684	683.58704	0.41296	0.0006037427
685	684.67984	0.32016	0.0004673869
686	685.61062	0.38938	0.0005676093
687	686.58856	0.41144	0.0005988937
688	687.67992	0.32008	0.0004652326
689	688.91828	0.08172	0.0001186067
690	689.9005	0.0995	0.0001442029
691	690.7942	0.2058	0.0002978292
692	691.5757	0.4243	0.0006131503
693	692.55676	0.44324	0.000639596
694	693.56528	0.43472	0.0006263977
695	694.65092	0.34908	0.0005022734
696	695.74596	0.25404	0.000365
697	696.7434	0.2566	0.0003681492
698	697.52504	0.47496	0.0006804585
699	698.47336	0.52664	0.0007534192
700	699.59322	0.40678	0.0005811143
701	700.49224	0.50776	0.0007243367
702	701.52678	0.47322	0.0006741026
703	702.51968	0.48032	0.0006832432
704	703.5881	0.4119	0.0005850852
705	704.61724	0.38276	0.000542922
706	705.67776	0.32224	0.0004564306
707	706.71316	0.28684	0.0004057143
708	707.7459	0.2541	0.0003588983
709	708.69784	0.30216	0.0004261777
710	709.82542	0.17458	0.0002458873
711	710.79064	0.20936	0.0002944585
712	711.83204	0.16796	0.0002358989
713	712.81464	0.18536	0.0002599719
714	713.79954	0.20046	0.0002807563
715	714.93468	0.06532	9.13566433567027E-005
716	715.88214	0.11786	0.0001646089
717	717.04088	-0.04088	-5.70153417015559E-005
718	717.87818	0.12182	0.0001696657
719	718.90956	0.09044	0.0001257858
720	719.88556	0.11444	0.0001589444
721	721.16992	-0.16992	-0.0002356727
722	722.24824	-0.24824	-0.0003438227
723	723.27064	-0.27064	-0.0003743292
724	724.26046	-0.26046	-0.0003597514
725	725.11532	-0.11532	-0.0001590621
726	726.13524	-0.13524	-0.000186281
727	727.107	-0.107	-0.0001471802
728	728.33744	-0.33744	-0.0004635165
729	729.30128	-0.30128	-0.0004132785
730	730.32852	-0.32852	-0.0004500274
731	731.39512	-0.39512	-0.0005405198
732	732.551	-0.551	-0.0007527322
733	733.43712	-0.43712	-0.0005963438
734	734.42084	-0.42084	-0.0005733515
735	735.57788	-0.57788	-0.0007862313
736	736.70364	-0.70364	-0.0009560326
737	737.83184	-0.83184	-0.0011286839
738	738.74656	-0.74656	-0.0010115989
739	739.64748	-0.64748	-0.000876157
740	740.55902	-0.55902	-0.0007554324
741	741.49448	-0.49448	-0.0006673144
742	742.5661	-0.5661	-0.000762938
743	743.71196	-0.71196	-0.0009582234
744	744.8504	-0.8504	-0.0011430108
745	745.89036	-0.89036	-0.0011951141
746	746.8347	-0.8347	-0.0011189008
747	747.99372	-0.99372	-0.0013302811
748	748.94052	-0.94052	-0.0012573797
749	749.90108	-0.90108	-0.0012030441
750	750.85504	-0.85504	-0.0011400533
751	751.80512	-0.80512	-0.0010720639
752	752.89008	-0.89008	-0.001183617
753	754.03664	-1.03664	-0.0013766799
754	754.97386	-0.97386	-0.0012915915
755	755.96856	-0.96856	-0.0012828609
756	757.01576	-1.01576	-0.0013435979
757	758.08256	-1.08256	-0.0014300661
758	759.09338	-1.09338	-0.0014424538
759	759.95012	-0.95012	-0.001251805
760	760.73988	-0.73988	-0.0009735263
761	761.53896	-0.53896	-0.000708226
762	762.5816	-0.5816	-0.0007632546
763	763.6752	-0.6752	-0.0008849279
764	764.64174	-0.64174	-0.0008399738
765	765.99324	-0.99324	-0.0012983529
766	767.0371	-1.0371	-0.0013539164
767	767.97992	-0.97992	-0.001277601
768	768.85546	-0.85546	-0.0011138802
769	769.93116	-0.93116	-0.0012108713
770	771.04702	-1.04702	-0.0013597662
771	771.8294	-0.8294	-0.0010757458
772	772.73402	-0.73402	-0.0009508031
773	773.69564	-0.69564	-0.0008999224
774	774.56722	-0.56722	-0.0007328424
775	775.58796	-0.58796	-0.0007586581
776	776.46866	-0.46866	-0.0006039433
777	777.5392	-0.5392	-0.0006939511
778	778.46254	-0.46254	-0.0005945244
779	779.52096	-0.52096	-0.0006687548
780	780.62732	-0.62732	-0.0008042564
781	781.46176	-0.46176	-0.000591242
782	782.54484	-0.54484	-0.0006967263
783	783.73048	-0.73048	-0.0009329246
784	784.8569	-0.8569	-0.0010929847
785	785.82872	-0.82872	-0.0010556943
786	786.79058	-0.79058	-0.001005827
787	787.8406	-0.8406	-0.0010681067
788	788.7494	-0.7494	-0.0009510152
789	789.72544	-0.72544	-0.0009194423
790	790.91616	-0.91616	-0.0011596962
791	791.86496	-0.86496	-0.0010935019
792	792.61612	-0.61612	-0.0007779293
793	793.73816	-0.73816	-0.0009308449
794	794.67794	-0.67794	-0.0008538287
795	795.8922	-0.8922	-0.0011222642
796	796.79446	-0.79446	-0.0009980653
797	797.61732	-0.61732	-0.0007745546
798	798.6174	-0.6174	-0.0007736842
799	799.62632	-0.62632	-0.0007838798
800	800.76528	-0.76528	-0.0009566
801	801.74044	-0.74044	-0.0009243945
802	802.73984	-0.73984	-0.0009224938
803	803.85528	-0.85528	-0.0010651059
804	805.01968	-1.01968	-0.0012682587
805	806.1344	-1.1344	-0.0014091925
806	807.18358	-1.18358	-0.0014684615
807	808.34028	-1.34028	-0.0016608178
808	809.24838	-1.24838	-0.0015450248
809	810.33536	-1.33536	-0.0016506304
810	811.43538	-1.43538	-0.0017720741
811	812.59448	-1.59448	-0.0019660666
812	813.63306	-1.63306	-0.0020111576
813	814.64268	-1.64268	-0.0020205166
814	815.54558	-1.54558	-0.0018987469
815	816.55964	-1.55964	-0.0019136687
816	817.53478	-1.53478	-0.0018808578
817	818.57168	-1.57168	-0.0019237209
818	819.62608	-1.62608	-0.0019878729
819	820.71748	-1.71748	-0.0020970452
820	821.80878	-1.80878	-0.0022058293
821	822.9156	-1.9156	-0.0023332521
822	824.01716	-2.01716	-0.0024539659
823	824.90472	-1.90472	-0.0023143621
824	826.08072	-2.08072	-0.0025251456
825	827.1006	-2.1006	-0.0025461818
826	828.31456	-2.31456	-0.0028021308
827	829.55228	-2.55228	-0.0030861911
828	830.6181	-2.6181	-0.0031619565
829	831.6086	-2.6086	-0.0031466828
830	832.74652	-2.74652	-0.0033090602
831	833.8304	-2.8304	-0.0034060168
832	835.11272	-3.11272	-0.00374125
833	836.28536	-3.28536	-0.0039440096
834	837.33198	-3.33198	-0.0039951799
835	838.38892	-3.38892	-0.0040585868
836	839.51056	-3.51056	-0.0041992344
837	840.47968	-3.47968	-0.0041573238
838	841.2131	-3.2131	-0.0038342482
839	842.04692	-3.04692	-0.0036316091
840	842.94524	-2.94524	-0.0035062381
841	843.83224	-2.83224	-0.0033677051
842	844.91446	-2.91446	-0.0034613539
843	845.93624	-2.93624	-0.0034830842
844	847.06008	-3.06008	-0.0036256872
845	847.91204	-2.91204	-0.0034462012
846	848.92044	-2.92044	-0.0034520567
847	849.98876	-2.98876	-0.0035286423
848	850.8699	-2.8699	-0.003384316
849	851.97168	-2.97168	-0.003500212
850	853.0978	-3.0978	-0.0036444706
851	854.03092	-3.03092	-0.0035615981
852	855.0678	-3.0678	-0.0036007042
853	855.91528	-2.91528	-0.0034176788
854	856.8759	-2.8759	-0.0033675644
855	858.06152	-3.06152	-0.0035807251
856	858.97502	-2.97502	-0.0034754907
857	860.15432	-3.15432	-0.0036806534
858	860.92242	-2.92242	-0.0034060839
859	862.05696	-3.05696	-0.0035587427
860	862.94318	-2.94318	-0.0034223023
861	863.9956	-2.9956	-0.0034792102
862	865.02336	-3.02336	-0.0035073782
863	866.09032	-3.09032	-0.0035809038
864	867.00814	-3.00814	-0.0034816435
865	867.91184	-2.91184	-0.003366289
866	868.9465	-2.9465	-0.0034024249
867	869.99632	-2.99632	-0.0034559631
868	871.09264	-3.09264	-0.0035629493
869	872.13156	-3.13156	-0.0036036364
870	873.2435	-3.2435	-0.0037281609
871	874.18616	-3.18616	-0.0036580482
872	875.28502	-3.28502	-0.0037672248
873	876.2644	-3.2644	-0.0037392898
874	877.24254	-3.24254	-0.00371
875	878.51052	-3.51052	-0.0040120229
876	879.53342	-3.53342	-0.0040335845
877	880.50436	-3.50436	-0.0039958495
878	881.46732	-3.46732	-0.0039491116
879	882.62724	-3.62724	-0.0041265529
880	883.69108	-3.69108	-0.0041944091
881	884.73496	-3.73496	-0.0042394552
882	885.77594	-3.77594	-0.0042811111
883	886.56852	-3.56852	-0.004041359
884	887.47828	-3.47828	-0.0039347059
885	888.46948	-3.46948	-0.0039203164
886	889.26536	-3.26536	-0.0036855079
887	890.16112	-3.16112	-0.0035638331
888	891.27488	-3.27488	-0.0036879279
889	892.03068	-3.03068	-0.0034090889
890	892.96826	-2.96826	-0.0033351236
891	894.12648	-3.12648	-0.0035089562
892	895.04898	-3.04898	-0.003418139
893	896.03184	-3.03184	-0.0033951176
894	896.94306	-2.94306	-0.0032920134
895	898.03728	-3.03728	-0.0033936089
896	898.9757	-2.9757	-0.0033210937
897	899.87536	-2.87536	-0.0032055295
898	900.72848	-2.72848	-0.0030383964
899	901.75092	-2.75092	-0.0030599778
900	902.78906	-2.78906	-0.0030989556
901	903.82044	-2.82044	-0.0031303441
902	904.92466	-2.92466	-0.0032424169
903	905.92328	-2.92328	-0.0032372979
904	906.73844	-2.73844	-0.0030292478
905	907.79776	-2.79776	-0.0030914475
906	909.05994	-3.05994	-0.0033774172
907	910.05168	-3.05168	-0.0033645865
908	911.11918	-3.11918	-0.0034352203
909	912.09552	-3.09552	-0.0034054125
910	913.11796	-3.11796	-0.0034263297
911	913.979	-2.979	-0.0032700329
912	914.74078	-2.74078	-0.0030052412
913	915.8944	-2.8944	-0.0031702081
914	917.03794	-3.03794	-0.0033237856
915	918.14436	-3.14436	-0.003436459
916	919.26508	-3.26508	-0.0035644978
917	920.18896	-3.18896	-0.0034776009
918	921.0032	-3.0032	-0.0032714597
919	921.87	-2.87	-0.0031229597
920	922.72846	-2.72846	-0.0029657174
921	923.75596	-2.75596	-0.0029923561
922	924.75638	-2.75638	-0.0029895662
923	925.7538	-2.7538	-0.002983532
924	926.73696	-2.73696	-0.0029620779
925	927.84128	-2.84128	-0.0030716541
926	928.8766	-2.8766	-0.0031064795
927	929.85072	-2.85072	-0.0030752104
928	930.81046	-2.81046	-0.0030285129
929	931.83548	-2.83548	-0.0030521851
930	932.93594	-2.93594	-0.0031569247
931	933.91868	-2.91868	-0.0031349946
932	934.74522	-2.74522	-0.002945515
933	935.98552	-2.98552	-0.0031999143
934	936.94794	-2.94794	-0.0031562527
935	937.9954	-2.9954	-0.0032036364
936	939.13024	-3.13024	-0.0033442735
937	940.18568	-3.18568	-0.0033998719
938	941.01836	-3.01836	-0.0032178678
939	941.8654	-2.8654	-0.0030515442
940	942.87508	-2.87508	-0.0030585957
941	944.06028	-3.06028	-0.0032521573
942	944.96922	-2.96922	-0.0031520382
943	945.79016	-2.79016	-0.0029588123
944	946.80232	-2.80232	-0.0029685593
945	947.74196	-2.74196	-0.002901545
946	948.49274	-2.49274	-0.0026350317
947	949.41844	-2.41844	-0.0025537909
948	950.37174	-2.37174	-0.0025018354
949	951.28252	-2.28252	-0.0024051844
950	952.40754	-2.40754	-0.0025342526
951	953.20692	-2.20692	-0.0023206309
952	954.30214	-2.30214	-0.0024182143
953	955.46008	-2.46008	-0.0025814061
954	956.33288	-2.33288	-0.0024453669
955	957.57588	-2.57588	-0.0026972565
956	958.62612	-2.62612	-0.0027469874
957	959.36116	-2.36116	-0.0024672518
958	960.5381	-2.5381	-0.0026493737
959	961.58384	-2.58384	-0.0026943066
960	962.5949	-2.5949	-0.0027030208
961	963.39272	-2.39272	-0.0024898231
962	964.32436	-2.32436	-0.0024161746
963	965.1548	-2.1548	-0.0022375909
964	966.4349	-2.4349	-0.0025258299
965	967.29664	-2.29664	-0.0023799378
966	968.13632	-2.13632	-0.0022115114
967	969.19988	-2.19988	-0.0022749535
968	970.08998	-2.08998	-0.0021590702
969	970.99408	-1.99408	-0.0020578741
970	972.00962	-2.00962	-0.0020717732
971	973.0574	-2.0574	-0.0021188465
972	974.08224	-2.08224	-0.0021422222
973	975.19288	-2.19288	-0.0022537307
974	976.14118	-2.14118	-0.0021983368
975	977.33576	-2.33576	-0.0023956513
976	978.20148	-2.20148	-0.0022556148
977	979.31036	-2.31036	-0.0023647492
978	980.28738	-2.28738	-0.0023388344
979	981.1344	-2.1344	-0.0021801839
980	981.94144	-1.94144	-0.0019810612
981	983.04236	-2.04236	-0.0020819164
982	983.91622	-1.91622	-0.0019513442
983	984.96652	-1.96652	-0.002000529
984	986.19796	-2.19796	-0.0022336992
985	987.21952	-2.21952	-0.0022533198
986	988.27288	-2.27288	-0.0023051521
987	989.03956	-2.03956	-0.0020664235
988	990.09842	-2.09842	-0.0021239069
989	991.28544	-2.28544	-0.0023108595
990	992.2822	-2.2822	-0.0023052525
991	993.19328	-2.19328	-0.0022131988
992	994.25774	-2.25774	-0.0022759476
993	995.3882	-2.3882	-0.0024050352
994	996.72534	-2.72534	-0.0027417907
995	997.7334	-2.7334	-0.0027471357
996	998.76832	-2.76832	-0.0027794378
997	999.69104	-2.69104	-0.0026991374
998	1000.61604	-2.61604	-0.0026212826
999	1001.67968	-2.67968	-0.0026823624
1000	1002.69536	-2.69536	-0.00269536
